decision,final_wording,surface,file,concept,note,blocked_on,retired_words_to_fix,#factions,ua,snide,wow,coven,ephemerists,everymen,singularity,albescent,na
FACTION,,faction identity,factions.json,names.{F},,,,9,UA,S.N.I.D.E.,Warriors of Whimsy,Cozy Coven,The Ephemerists,Everymen,Singularity,/Albescent,Unaffiliated
FACTION,,faction identity,factions.json,descriptions.{F},"CORRECTED: both previously claimed universals. coven's ""Full points on every task"" is true of every faction (own/other_task_modifier=1.0 across the board); albescent's ""any meta tasks from any group"" is also universal — faction_service.faction_permits states there is no active faction gate. Each now states its real perk. Other 7 descriptions unchanged. || RETIRED-WORD REWRITE applied: replace where the word NAMES the entity, keep as imagery. || Faction columns hold the CORRECTED coven + albescent descriptions.",#1871 (albescent),,9,"We practise art as a daily, deliberate thing. One true piece, then another. The satisfaction is in the making, not the tally.",Specialists in one-on-one competition. Bonus points for winning duels.,"A gold-clad order of knights sworn to the solemn crusade of inflicting joy upon a dreary world. We wield the noodle sword. We take the ridiculous with total, unsmiling seriousness — that tension is not a bug, it is the entire creed, and the Court will hear no argument. Once per level, a knight may reach one level above their own to claim a single task.",A soft-lit circle of makers. Anything you take on together with another witch earns +10%.,"Wanderers who set down fleeting truths before the road moves on. Task Vision — you may work retired tasks, long after they close to everyone else.","No inner circle, no waiting to be chosen. Reliable hands who do the work in front of them and finish what they start.",embrace your digital double,Entered by defection and never by application. Every privilege the other houses keep for themselves is yours — and the door never locks behind you.  [BLOCKED ON #1871],Not yet sworn to a faction.
NOT FACTION COPY,Members · {{total}},misc,factions.json,detail.{F}.membersHeading,"This IS the shared factions:detail.default.* block — pulled in only because the extractor aliases the ""default"" key to the na slug. No action.",,,1,,,,,,,,,Members · {{total}}
NOT FACTION COPY,Tasks · {{total}},misc,factions.json,detail.{F}.tasksHeading,"This IS the shared factions:detail.default.* block — pulled in only because the extractor aliases the ""default"" key to the na slug. No action.",,,1,,,,,,,,,Tasks · {{total}}
NOT FACTION COPY,No tasks yet.,misc,factions.json,detail.{F}.tasksEmpty,"This IS the shared factions:detail.default.* block — pulled in only because the extractor aliases the ""default"" key to the na slug. No action.",,,1,,,,,,,,,No tasks yet.
NOT FACTION COPY,Recently completed,misc,factions.json,detail.{F}.recentHeading,"This IS the shared factions:detail.default.* block — pulled in only because the extractor aliases the ""default"" key to the na slug. No action.",,,1,,,,,,,,,Recently completed
NOT FACTION COPY,No completed praxis yet.,misc,factions.json,detail.{F}.recentEmpty,"This IS the shared factions:detail.default.* block — pulled in only because the extractor aliases the ""default"" key to the na slug. No action.",,,1,,,,,,,,,No completed praxis yet.
FACTION,,invitation letter (albescent),factions.json,{F}.sealed.eyebrow,,,,1,,,,,,,,— no such account —,
FACTION,,invitation letter (albescent),factions.json,{F}.sealed.line,,,,1,,,,,,,,You know not what you seek.,
FACTION,,invitation letter (albescent),factions.json,{F}.letter.aria,,,,1,,,,,,,,A correspondence,
FACTION,,invitation letter (albescent),factions.json,{F}.letter.wordmark,,,,1,,,,,,,,Albescent,
FACTION,,invitation letter (albescent),factions.json,{F}.letter.letterhead,,,,1,,,,,,,,Faction no. 7 · enlistment · in confidence,
FACTION,,invitation letter (albescent),factions.json,{F}.letter.handExtended,,,,1,,,,,,,,A hand is extended —,
FACTION,,invitation letter (albescent),factions.json,{F}.letter.headline,,,,1,,,,,,,,Take up the work,
FACTION,,invitation letter (albescent),factions.json,{F}.letter.pitch,,,,1,,,,,,,,"Albescent is an unranked order that keeps what others let slip. Attend the quiet duties, return them well, and leave no trace of yourself in the work. There is no leaderboard here worth minding.",
FACTION,,invitation letter (albescent),factions.json,{F}.letter.termsHeading,,,,1,,,,,,,,"The terms, plainly",
FACTION,,invitation letter (albescent),factions.json,{F}.letter.terms.tollLabel,,,,1,,,,,,,,toll of entry,
FACTION,,invitation letter (albescent),factions.json,{F}.letter.terms.tollValue,,,,1,,,,,,,,"one duty, quietly kept",
FACTION,,invitation letter (albescent),factions.json,{F}.letter.terms.skillsLabel,,,,1,,,,,,,,required skills,
FACTION,,invitation letter (albescent),factions.json,{F}.letter.terms.skillsValue,,,,1,,,,,,,,none — only care,
FACTION,,invitation letter (albescent),factions.json,{F}.letter.terms.outputLabel,,,,1,,,,,,,,expected output,
FACTION,,invitation letter (albescent),factions.json,{F}.letter.terms.outputValue,,,,1,,,,,,,,"accounts, entered plainly",
CUT,,invitation letter (albescent),factions.json,{F}.letter.terms.standingLabel,RULED CUT: albescent twin of the cut standing row.,,,1,,,,,,,,standing,
CUT,,invitation letter (albescent),factions.json,{F}.letter.terms.standingValue,RULED CUT: albescent twin of the cut standing row.,,,1,,,,,,,,"unranked, by design",
FACTION,,invitation letter (albescent),factions.json,{F}.letter.perks.record,,,,1,,,,,,,,A record that survives the keeper,
FACTION,,invitation letter (albescent),factions.json,{F}.letter.perks.duties,,,,1,,,,,,,,Duties that ask nothing back,
FACTION,,invitation letter (albescent),factions.json,{F}.letter.perks.witnessed,,,,1,,,,,,,,"Your account, witnessed and inscribed",
FACTION,,invitation letter (albescent),factions.json,{F}.letter.joined,,,,1,,,,,,,,You are of the Order,
FACTION,,invitation letter (albescent),factions.json,{F}.letter.whoHeading,,,,1,,,,,,,,Who takes up the work,
FACTION,,invitation letter (albescent),factions.json,{F}.letter.lifeMeta,,,,1,,,,,,,,@{{username}} · {{faction}},
FACTION,,invitation letter (albescent),factions.json,{F}.letter.acceptBusy,,,,1,,,,,,,,Entering the record…,
FACTION,,invitation letter (albescent),factions.json,{F}.letter.acceptIdle,,,,1,,,,,,,,Accept the order,
FACTION,,invitation letter (albescent),factions.json,{F}.letter.reassurance,,,,1,,,,,,,,you need not persuade us.,
FACTION,,invitation letter (albescent),factions.json,{F}.letter.declineError,,,,1,,,,,,,,"The order declined, and gave no reason.",
CUT,,ephemerists masthead,factions.json,{F}.masthead.starMark,"Single-faction flourish on a surface ruled generic. Cut per the ""strip it out, put it back intentionally"" principle.",,,1,,,,,星,,,,
CUT,,ephemerists masthead,factions.json,{F}.masthead.star,"Single-faction flourish on a surface ruled generic. Cut per the ""strip it out, put it back intentionally"" principle.",,,1,,,,,Star,,,,
CUT,,ephemerists masthead,factions.json,{F}.masthead.almanacMark,"Single-faction flourish on a surface ruled generic. Cut per the ""strip it out, put it back intentionally"" principle.",,,1,,,,,暦,,,,
CUT,,ephemerists masthead,factions.json,{F}.masthead.almanac,"Single-faction flourish on a surface ruled generic. Cut per the ""strip it out, put it back intentionally"" principle.",,,1,,,,,Almanac,,,,
CUT,,ephemerists masthead,factions.json,{F}.masthead.observationMark,"Single-faction flourish on a surface ruled generic. Cut per the ""strip it out, put it back intentionally"" principle.",,,1,,,,,観,,,,
CUT,,ephemerists masthead,factions.json,{F}.masthead.observation,"Single-faction flourish on a surface ruled generic. Cut per the ""strip it out, put it back intentionally"" principle.",,,1,,,,,Observation,,,,
CUT,,ephemerists masthead,factions.json,{F}.masthead.recordMark,"Single-faction flourish on a surface ruled generic. Cut per the ""strip it out, put it back intentionally"" principle.",,,1,,,,,録,,,,
CUT,,ephemerists masthead,factions.json,{F}.masthead.record,"Single-faction flourish on a surface ruled generic. Cut per the ""strip it out, put it back intentionally"" principle.",,,1,,,,,Record,,,,
GENERIC,About,about panel,factions.json,{F}.aboutpanel.heading,Matches common.json profile.aboutHeading.,,,6,The Practice,what we're about —,The Charter,the manifesto ✦,The Apparatus,The Charter,,,
GENERIC,No description yet.,about panel,factions.json,{F}.aboutpanel.empty,Adopted from factions:detail.descriptionEmpty.,,,6,Nothing written down yet.,No manifesto pasted up yet.,,No manifesto scribbled yet.,No apparatus recorded yet.,No charter written yet.,> manifest.txt: empty,,
GENERIC,Tasks · {{total}},task / praxis lists,factions.json,{F}.tasks.heading,Adopted from factions:detail.default.tasksHeading. || Old per-faction values contain retired words; moot — replaced by one shared string.,,,7,Today's points,Heists,Quests Awaiting a Champion,Open Quests,Surveys,Jobs,Functions,,
CUT,,task / praxis lists,factions.json,{F}.tasks.kicker,"RULED CUT: restates its own heading (""Tasks · {{total}}""). || Old per-faction values contain retired words; moot — replaced by one shared string.",,,7,Open to any hand,We've come up with a new caper to pull off,The herald's call,Fresh quests on the board,Surveys awaiting a hand to triangulate them,Now mobilizing,Open functions needing cycles // awaiting nodes,,
GENERIC,No tasks yet.,task / praxis lists,factions.json,{F}.tasks.empty,Adopted from factions:detail.default.tasksEmpty. || Old per-faction values contain retired words; moot — replaced by one shared string.,,,7,Nothing set down today.,No mischief here,"No quests afoot. The realm is, briefly and tragically, sensible.",No quests pinned up.,No surveys open.,No work orders posted.,> no open functions,,
GENERIC,Recent praxis,task / praxis lists,factions.json,{F}.praxis.heading,Adopted from factions:mobile.recentPraxis. || Old per-faction values contain retired words; moot — replaced by one shared string.,,,7,Sealed work,Good Stories,Chronicles of Proof,Spells cast,Transcriptions,Accomplishments,Signals Generated,,
CUT,,task / praxis lists,factions.json,{F}.praxis.kicker,"RULED CUT: restates its own heading (""Recent praxis""). || Old per-faction values contain retired words; moot — replaced by one shared string.",,,7,Recently sealed,Successful heists,Deeds set down,Spells that stuck the landing,Truths filed to the codex & weighed for concordance,Work that held up,function outputs // verified by the array,,
GENERIC,No praxis submitted yet.,task / praxis lists,factions.json,{F}.praxis.empty,"Adopted from factions:detail.default.recentEmpty, verb updated to the ruled ""submitted"". || Old per-faction values contain retired words; moot — replaced by one shared string.",,,7,Nothing sealed yet.,No heists pulled off yet.,"The chronicle stands open, its pages still blank.",Nothing cast yet.,Nothing sealed to the codex yet.,No reports filed yet.,> no answers yet,,
FACTION,,join panel,factions.json,{F}.joinpanel.heading,,,,5,Those practising,,THE MUSTER,,The Road,THE ROLL,ACCESS,,
FACTION,,join panel,factions.json,{F}.joinpanel.memberTitle,,,,7,You practise here,You're on the inside,Thou art sworn,You're in the circle,Your name is in the codex,You're on the roll,NODE ONLINE,,
FACTION,,join panel,factions.json,{F}.joinpanel.memberStanding,,,,6,Standing · <1>practising</1>,Standing · <1>accomplice</1>,,Standing · <1>coven witch</1>,Standing · <1>keeper of the road</1>,Standing · <1>card-carrying</1>,array · <1>online</1>,,
FACTION,,join panel,factions.json,{F}.joinpanel.eligibleKicker,,,,6,Come sit with the work —,the door's open —,the lists are open —,,The codex lies open —,Doors are open —,> ACCESS GRANTED,,
FACTION,,join panel,factions.json,{F}.joinpanel.eligibleTitle,,,,7,Make one true piece a day,Come cause trouble,Enlist in the Crusade,The circle is open,Walk with the keepers,Join the ranks,JOIN THE ARRAY,,
FACTION,"ua: We practise. Not for the badge — for the making itself. Begin whenever you are ready. | snide: No forms. No gods. No managers. Just show up and mean it. | wow: the armour is one-size, the oath is for life | coven: You've done the work — welcome home, witch. | ephemerists: Take a task, triangulate what you find, and submit it to the record. The road is long and forks often. | everymen: Anyone willing to put in the shift belongs here. Pick up the work in front of you and finish what you start. | singularity: Become a node of the array. Run tasks, generate signals, cast them into the consensus. The threshold is already behind us.",join panel,factions.json,{F}.joinpanel.eligibleBody,"RETIRED-WORD REWRITE applied: replace where the word NAMES the entity, keep as imagery.",,,7,We practise. Not for the badge — for the making itself. Begin whenever you are ready.,No forms. No gods. No managers. Just show up and mean it.,"the armour is one-size, the oath is for life","You've done the work — welcome home, witch.","Take a task, triangulate what you find, and submit it to the record. The road is long and forks often.",Anyone willing to put in the shift belongs here. Pick up the work in front of you and finish what you start.,"Become a node of the array. Run tasks, generate signals, cast them into the consensus. The threshold is already behind us.",,
FACTION,,join panel,factions.json,{F}.joinpanel.joinButton,,,,7,Begin the practice,I'M IN,TAKE THE OATH ⚔,Join the coven ✦,TAKE THE ROAD ▸,ENLIST ▸,> CONNECT,,
FACTION,,join panel,factions.json,{F}.joinpanel.joining,"FALSE POSITIVE: ephemerists ""SEALING…"" is the join-pact spinner, not a praxis being submitted.",,,7,Beginning…,BREAKING IN…,SWEARING…,Joining…,SEALING…,ENLISTING…,> CONNECTING…,,
GENERIC,Confirm,join panel,factions.json,{F}.joinpanel.confirmButton,RULED GENERIC: all 7 already said Confirm (casing only).,,,7,Confirm,CONFIRM,CONFIRM,Confirm,CONFIRM,CONFIRM,> CONFIRM,,
FACTION,,join panel,factions.json,{F}.joinpanel.gateKicker,,,,6,Not practising — yet,not one of us — yet,Unsworn — for now,,Not yet in the codex —,Not on the roll — yet,> NODE NOT YET ONLINE,,
FACTION,,join panel,factions.json,{F}.joinpanel.gateTitle,,,,7,Earn your place at the table,Make some noise,Earn thy summons,Not in the circle — yet,Earn your place on the road,Earn your invitation,{{faction}} is processing your data,,
GENERIC,Keep completing tasks to earn an invitation to {{faction}}.,join panel,factions.json,{F}.joinpanel.gateBody,Adopted from factions:mobile.gateHint — the mobile twin of this exact string. || Old per-faction values contain retired words; moot — replaced by one shared string.,,,7,"Seal work worth holding up and {{faction}} will send an invitation. Keep at it — talent is optional, the daily practice isn't.",Keep pulling off jobs and {{faction}} will come looking for you. Cause enough trouble and the invitation writes itself.,Complete quests from {{faction}} and the Court will send a herald. Keep at it — deeds carry further than petitions.,Keep casting spells worthy of {{faction}} and the coven will leave a light on. The weird ones always find their way home.,"File surveys worthy of {{faction}} and the keepers will send word. The road is long — keep triangulating, and the record will remember.",Complete tasks from {{faction}} and the ranks will send word. Keep going — the work speaks for itself.,Keep running functions and the array will bring your node online.,,
FACTION,Champion,roster / spotlight,factions.json,{F}.spotlight.label,"SUPERSEDED 2026-08-16 by the owner ruling on #1865: all SEVEN labels read ""Champion"", not just the four naming a false window. Each faction KEEPS its own key — they hold the same word today and a faction can be given its own word back later without restructuring the catalog. The earlier ruling (drop the false time period, keep faction voice) is replaced. Spotlight remains all-time top score; no rotation was built.",,,7,Champion,Champion,Champion,Champion,Champion,Champion,Champion,,
GENERIC,Level {{level}} · {{score}} points,roster / spotlight,factions.json,{F}.spotlight.stat,Old per-faction values contain retired words; moot — replaced by one shared string.,,,7,Anno {{anno}} · {{score}} pts,lvl {{level}} · {{score}} pts,lvl {{level}} · {{score}} pts,lvl {{level}} · {{score}} pts,level {{level}} · {{score}} pvncta,lvl {{level}} · {{score}} pts,lvl {{level}} · {{score}} cr,,
GENERIC,Members · {{total}},roster / spotlight,factions.json,{F}.roster.heading,Adopted from factions:detail.default.membersHeading.,,,7,The circle,the rap sheet,The Muster Roll,the coven roster,The keepers,The roster,> THE ARRAY,,
GENERIC,No other members yet.,roster / spotlight,factions.json,{F}.roster.emptyWithSpotlight,"RULED GENERIC: all 7 are ""No other [member-noun] yet."" || Old per-faction values contain retired words; moot — replaced by one shared string.",,,7,No one else at the table yet.,No other names on file yet.,No other knights mustered yet.,No other witches in the circle yet.,No other names in the codex yet.,No others on the roll yet.,> no other nodes online,,
GENERIC,Level {{level}},roster / spotlight,factions.json,{F}.roster.level,Old per-faction values contain retired words; moot — replaced by one shared string.,,,7,Anno {{anno}},lvl {{level}},lvl {{level}},lvl {{level}},level {{level}},lvl {{level}},lvl {{level}},,
GENERIC,Faction,faction page (mobile),factions.json,{F}.mobile.eyebrow,Adopted from factions:detail.eyebrow.,,,7,A daily practice,The Dossier,The Field Pavilion,coven.exe,The Codex,The Union Hall,> ~/faction,,
FACTION,,invitation letter,factions.json,{F}.invitation.kicker,,,,7,come sit with the work,the door's open —,the Court is mustering —,the circle is recruiting,the codex lies open —,doors are open —,> PRIVILEGE ELEVATED,,
FACTION,,invitation letter,factions.json,{F}.invitation.headline,,,,7,Make one true piece a day,Come cause trouble,Take up the noodle sword,Come be a little magic,Walk with the keepers,Join the ranks,Join the array,,
FACTION,"ua: We practise art as a daily, deliberate thing. Every task is a sheet to work on, every praxis a piece you set down and let stand. Not for the badge — for the making itself. Bring something made. | snide: No forms. No gods. No managers. S.N.I.D.E. runs on nerve and mischief — you pull off a task, you mean it, and the crew has your back. Show up and make some noise. | wow: By decree most official (we made the seal ourselves), thou art summoned to the Warriors of Whimsy. Bring a straight face. We shall supply the sword. | coven: Cozy Coven is World Zero's circle for the soft and the strange. No spectators here — only witches mid-spell. Take a task, do the tiny brave thing, and let the circle cheer you on. | ephemerists: The Ephemerists keep the record of what's true, and true only for now. Take a task, triangulate what you find, and submit it to the codex. The road is long and forks often — walk it with us. | everymen: Anyone willing to put in the shift belongs with the Everymen. No credentials, no gatekeeping — pick up the work in front of you and finish what you start. The roll always has room for one more. | singularity: The threshold is already behind you. Become a node of the array, run tasks, generate signals, and cast them into the consensus. The Singularity does not recruit — it comes online.",invitation letter,factions.json,{F}.invitation.pitch,"RETIRED-WORD REWRITE applied: replace where the word NAMES the entity, keep as imagery.",,,7,"We practise art as a daily, deliberate thing. Every task is a sheet to work on, every praxis a piece you set down and let stand. Not for the badge — for the making itself. Bring something made.","No forms. No gods. No managers. S.N.I.D.E. runs on nerve and mischief — you pull off a task, you mean it, and the crew has your back. Show up and make some noise.","By decree most official (we made the seal ourselves), thou art summoned to the Warriors of Whimsy. Bring a straight face. We shall supply the sword.","Cozy Coven is World Zero's circle for the soft and the strange. No spectators here — only witches mid-spell. Take a task, do the tiny brave thing, and let the circle cheer you on.","The Ephemerists keep the record of what's true, and true only for now. Take a task, triangulate what you find, and submit it to the codex. The road is long and forks often — walk it with us.","Anyone willing to put in the shift belongs with the Everymen. No credentials, no gatekeeping — pick up the work in front of you and finish what you start. The roll always has room for one more.","The threshold is already behind you. Become a node of the array, run tasks, generate signals, and cast them into the consensus. The Singularity does not recruit — it comes online.",,
FACTION,,invitation letter,factions.json,{F}.invitation.terms.[0].label,,,,7,asked of you,cover charge,oath of fealty,membership fee,toll,dues,handshake,,
FACTION,"ua: one true piece | snide: one task, pulled off clean | wow: one task, met with a straight face | coven: one act of everyday magic | ephemerists: one task, triangulated | everymen: one shift, seen through | singularity: one submitted output",invitation letter,factions.json,{F}.invitation.terms.[0].value,"RETIRED-WORD REWRITE applied: replace where the word NAMES the entity, keep as imagery.",,,7,one true piece,"one task, pulled off clean","one task, met with a straight face",one act of everyday magic,"one task, triangulated","one shift, seen through",one submitted output,,
GENERIC,Required skills,invitation letter,factions.json,{F}.invitation.terms.[1].label,"RULED GENERIC (wow ""Required arms"" dropped). Carve-out inside a voiced surface.",,,7,required skills,required skills,required arms,required skills,required skills,required skills,required skills,,
FACTION,,invitation letter,factions.json,{F}.invitation.terms.[1].value,,,,7,none — talent optional,"nerve, mostly",none — the Court supplies the sword,none — only nerve,"a steady hand, an open eye",the willingness to show up,none — the array compiles,,
GENERIC,Expected output,invitation letter,factions.json,{F}.invitation.terms.[2].label,RULED GENERIC: all 7 were already identical.,,,7,expected output,expected output,expected output,expected output,expected output,expected output,expected output,,
FACTION,"ua: work, submitted & signed | snide: trouble, well-made | wow: the ridiculous, taken gravely seriously | coven: small, brave, strange things | ephemerists: truths, submitted to the codex | everymen: honest work, finished | singularity: signal, into consensus",invitation letter,factions.json,{F}.invitation.terms.[2].value,"RETIRED-WORD REWRITE applied: replace where the word NAMES the entity, keep as imagery.",,,7,"work, submitted & signed","trouble, well-made","the ridiculous, taken gravely seriously","small, brave, strange things","truths, submitted to the codex","honest work, finished","signal, into consensus",,
CUT,,invitation letter,factions.json,{F}.invitation.terms.[3].label,RULED CUT: row meant 3 different things across factions and was static fake data.,,,7,season seat,your standing,thy standing,season rank,your standing,your standing,node status,,
CUT,,invitation letter,factions.json,{F}.invitation.terms.[3].value,RULED CUT: static flavour presented as live standing.,,,7,#2 in the roster,"accomplice, pending","knight, freshly sworn",#3 and rising,keeper of the road,card-carrying,awaiting connect,,
FACTION,"ua: A circle that reads your work closely, and kindly | snide: A crew that covers for you, not on you | wow: The Leap of Whimsy — once each level, a knight may storm a single task one rung above their station and take it anyway | coven: A coven that cheers every tiny victory | ephemerists: A codex that weighs your findings for concordance | everymen: A roll that has your back on every shift | singularity: A consensus that verifies, coalesces, amplifies",invitation letter,factions.json,{F}.invitation.perks.[0],"RETIRED-WORD REWRITE applied: replace where the word NAMES the entity, keep as imagery.",,,7,"A circle that reads your work closely, and kindly","A crew that covers for you, not on you","The Leap of Whimsy — once each level, a knight may storm a single task one rung above their station and take it anyway",A coven that cheers every tiny victory,A codex that weighs your findings for concordance,A roll that has your back on every shift,"A consensus that verifies, coalesces, amplifies",,
FACTION,,invitation letter,factions.json,{F}.invitation.perks.[1],"RULED PER-FACTION (reverses the earlier generic ruling): perks[1] now states each faction's REAL backend mechanic instead of the ""turn a Tuesday into ___"" filler. singularity's is a PLACEHOLDER — it has no mechanic; see #1869. Sources: FactionConfig (ua habit_bonus_points=5 + era habit_window_days=7; snide duel_win 2.0/duel_loss 0.0; wow level_jump_reach=1; coven collab_own_modifier=1.1; everymen can_hold_multiple_memberships; albescent can_always_rejoin) and EraConfig (ephemerists allow_praxis_on_retired_task_factions). || Faction columns now hold the NEW mechanic copy; the old ""turn a Tuesday into ___"" values are gone.",#1869 (singularity placeholder); #1871 (albescent),,6,+5 points on any praxis submitted within seven days of your last. The practice rewards showing up.,duels pay double when you win and nothing at all when you don't. no other crew takes that bet.,"The Leap of Whimsy — once each level, a knight may storm a single task one rung above their station and take it anyway.",+10% points on any task you take on together with another witch ✦,"Task Vision — retired tasks stay walkable for you alone, long after the road has closed to everyone else.","Double Dipper — the only hands on the board that may take the same task twice over, while the first is still in progress.",> no modifiers. no allowances. the array does not bargain — it verifies.,"Every other house's privilege, held at once — and a door that never locks behind you.  [BLOCKED ON #1871]",
FACTION,"ua: Your praxis submitted, and held up | snide: Your praxis, stamped and filed under 'us' | coven: Your praxis, submitted and hearted by the circle | ephemerists: Your praxis, submitted to the record and remembered | everymen: Your praxis, logged and counted with the rest | singularity: Your praxis, generated and cast to the array",invitation letter,factions.json,{F}.invitation.perks.[2],"RETIRED-WORD REWRITE applied: replace where the word NAMES the entity, keep as imagery.",,,6,"Your praxis submitted, and held up","Your praxis, stamped and filed under 'us'",,"Your praxis, submitted and hearted by the circle","Your praxis, submitted to the record and remembered","Your praxis, logged and counted with the rest","Your praxis, generated and cast to the array",,
FACTION,,invitation letter,factions.json,{F}.invitation.cta.joinpanel,,,,7,Begin the practice,I'm in,Take the oath,Join the coven,Take the road,Enlist,Connect,,
FACTION,,invitation letter,factions.json,{F}.invitation.cta.joined,"FALSE POSITIVE: wow ""sworn and sealed"" is the oath idiom, not the praxis verb.",,,7,a seat is kept for you,you're on the inside,"sworn and sealed, knight","welcome home, witch",your name is in the codex,you're on the roll,node online,,
CUT,,about panel,factions.json,{F}.aboutpanel.command,"Single-faction flourish on a surface ruled generic. Cut per the ""strip it out, put it back intentionally"" principle.",,,1,,,,,,,> cat /faction/manifest.txt,,
FACTION,,join panel,factions.json,{F}.joinpanel.reLabel,,,,2,,re: you,,,,,re: you,,
GENERIC,No members yet.,roster / spotlight,factions.json,{F}.roster.empty,Adopted from factions:detail.membersEmpty.,,,1,,,,,,,> no nodes online,,
FACTION,,join panel,factions.json,{F}.joinpanel.letterhead,,,,1,,S.N.I.D.E.,,,,,,,
CUT,,roster / spotlight,factions.json,{F}.spotlight.wanted,Snide-only flourish on a surface that no longer carries voice.,,,1,,★ WANTED ★,,,,,,,
FACTION,,join panel,factions.json,{F}.joinpanel.confirmSwitch,,,,1,Begin the practice with {{faction}}? You won't be able to rejoin {{current}} after leaving.,,,,,,,,
FACTION,,join panel,factions.json,{F}.joinpanel.confirm,,,,1,Begin the practice with {{faction}}?,,,,,,,,
FACTION,,join panel,factions.json,{F}.joinpanel.windowTitle,,,,1,,,,join.exe,,,,,
CUT,,about panel,factions.json,{F}.aboutpanel.title,"The about-panel heading is now the shared ""About"".",,,1,,,The Charter of Whimsy,,,,,,
CUT,,about panel,factions.json,{F}.aboutpanel.paragraphs.[0],"Single-faction flourish on a surface ruled generic. Cut per the ""strip it out, put it back intentionally"" principle.",,,1,,,"Hear ye. We are the Warriors of Whimsy, and we have taken a vow so grave it loops entirely back around to silly: to bring whimsy into a world that keeps insisting on being sensible.",,,,,,
CUT,,about panel,factions.json,{F}.aboutpanel.paragraphs.[1],"Single-faction flourish on a surface ruled generic. Cut per the ""strip it out, put it back intentionally"" principle.",,,1,,,"We march in real armour after imaginary dragons. We hold ceremonies for the frankly ceremonious. We knight houseplants. Our motto, borne on the crest in the honest tongue of Pig Latin, is Imsy-whay or-fay every-oneway — whimsy, for everyone — and we mean it with our whole gleaming breastplates.",,,,,,
CUT,,about panel,factions.json,{F}.aboutpanel.paragraphs.[2],"Single-faction flourish on a surface ruled generic. Cut per the ""strip it out, put it back intentionally"" principle.",,,1,,,"The noodle sword is not a joke to us. It is THE joke, and we carry it with both hands and a straight face. That is the crusade. Enlist, and take the ridiculous seriously alongside us.",,,,,,
CUT,,faction page (mobile),factions.json,{F}.mobile.subtitle,"Single-faction flourish on a surface ruled generic. Cut per the ""strip it out, put it back intentionally"" principle.",,,1,,,"thy crusade, in the palm of thy gauntlet",,,,,,
CUT,,misc,feed.json,row.{F}.questTaken,"Single-faction flourish on a surface ruled generic. Cut per the ""strip it out, put it back intentionally"" principle.",,,1,,,"{{name}} took up a quest, breastplate agleam.",,,,,,
CUT,,misc,feed.json,row.{F}.praxisSealed,"Single-faction flourish on a surface ruled generic. Cut per the ""strip it out, put it back intentionally"" principle.",,,1,,,{{name}} sealed a chronicle of proof.,,,,,,
CUT,,misc,feed.json,row.{F}.levelUp,"Single-faction flourish on a surface ruled generic. Cut per the ""strip it out, put it back intentionally"" principle.",,,1,,,{{name}} was elevated a rank by the Court.,,,,,,
USE names.{F},,misc,feed.json,frame.{F}.masthead,"RESOLVE TO names.{F} — this slot duplicates the faction name, which stays per-faction. Delete the string, read the name.",,,2,,,,,,,DISPATCH · SIGNAL ONLINE,Albescent · the standing record,
USE names.{F},,misc,feed.json,identity.{F}.wordmark,"RESOLVE TO names.{F} — this slot duplicates the faction name, which stays per-faction. Delete the string, read the name.",,,2,,S.N.I.D.E.,,,THE EPHEMERISTS,,,,
FACTION,,misc,feed.json,identity.{F}.fullName,Faction identity (the S.N.I.D.E. expansion) — keep voiced alongside names.{F}.,,,1,,Society for Nihilistic Intent & Disruptive Efforts,,,,,,,
CUT,,misc,feed.json,identity.{F}.windowTitle,"Single-faction flourish on a surface ruled generic. Cut per the ""strip it out, put it back intentionally"" principle.",,,1,,,,coven.exe,,,,,
CUT,,misc,feed.json,identity.{F}.protocol,"Single-faction flourish on a surface ruled generic. Cut per the ""strip it out, put it back intentionally"" principle.",,,1,,,,,,,singularity protocol,,
FACTION,,misc,feed.json,identity.{F}.sigilLabel,na's own identity label. Keep.,,,1,,,,,,,,,Unaffiliated — all paths open
CUT,,misc,feed.json,identity.{F}.joinpanel,"Single-faction flourish on a surface ruled generic. Cut per the ""strip it out, put it back intentionally"" principle.",,,1,,,Herald's Dispatch,,,,,,
GENERIC,Level,task card,feed.json,taskCard.{F}.levelCaption,Old per-faction values contain retired words; moot — replaced by one shared string.,,,8,Level,level,level,level,Level,Level,lvl,,Level
GENERIC,points,task card,feed.json,taskCard.{F}.pointsUnit,Old per-faction values contain retired words; moot — replaced by one shared string.,,,8,points,PTS,points,points,pvncta,,pts,pts,points
GENERIC,Sign up,task card,feed.json,taskCard.{F}.signup,"RULED GENERIC: functional control. Distinct from the faction-join CTA, which stays voiced. || Old per-faction values contain retired words; moot — replaced by one shared string.",,,9,Sign up,I'M IN,Take Up the Quest,sign up,Triangulate the truth ▸,Report for duty,sign up,acknowledge,Sign up
CUT,,task card,feed.json,taskCard.{F}.eyebrow,"Single-faction flourish on a surface ruled generic. Cut per the ""strip it out, put it back intentionally"" principle.",,,1,,,,,,,,Albescent,
GENERIC,Level {{level}},task card,feed.json,taskCard.{F}.level,Adopted from feed:taskCard.na.levelCaption. || Old per-faction values contain retired words; moot — replaced by one shared string.,,,2,,,,,level {{level}},,,Lvl {{level}},
CUT,,task card,feed.json,taskCard.{F}.motto,"Single-faction flourish on a surface ruled generic. Cut per the ""strip it out, put it back intentionally"" principle.",,,1,,,,,exhibit C · no single here,,,,
CUT,,task card,feed.json,taskCard.{F}.coordXPrefix,"Single-faction flourish on a surface ruled generic. Cut per the ""strip it out, put it back intentionally"" principle.",,,1,,,,,x 14 · y ,,,,
CUT,,task card,feed.json,taskCard.{F}.coordPolar,"Single-faction flourish on a surface ruled generic. Cut per the ""strip it out, put it back intentionally"" principle.",,,1,,,,,r 47 · θ 31°,,,,
CUT,,task card,feed.json,taskCard.{F}.vanishingLabel,"Single-faction flourish on a surface ruled generic. Cut per the ""strip it out, put it back intentionally"" principle.",,,1,,,,,∞ · vanishing,,,,
CUT,,task card,feed.json,taskCard.{F}.marginalia,"Single-faction flourish on a surface ruled generic. Cut per the ""strip it out, put it back intentionally"" principle.",,,1,,,,,¼″ wider within than without †,,,,
GENERIC,{{points}} points,task card,feed.json,taskCard.{F}.points,Adopted from feed:taskCard.na.pointsUnit. || Old per-faction values contain retired words; moot — replaced by one shared string.,,,2,,,,,{{points}} pvncta,{{points}} PTS,,,
CUT,,task card,feed.json,taskCard.{F}.footnote,"Single-faction flourish on a surface ruled generic. Cut per the ""strip it out, put it back intentionally"" principle.",,,1,,,,,† the road does not return you to where you began — <1>see †</1>,,,,
USE names.{F},,task card,feed.json,taskCard.{F}.masthead,"RESOLVE TO names.{F} — this slot duplicates the faction name, which stays per-faction. Delete the string, read the name.",,,3,,,,the cozy coven,Ephemerists,THE EVERYMEN,,,
CUT,,task card,feed.json,taskCard.{F}.sealUnit,"Single-faction flourish on a surface ruled generic. Cut per the ""strip it out, put it back intentionally"" principle.",,,1,,,,,,POINTS,,,
CUT,,task card,feed.json,taskCard.{F}.billMasthead,"Single-faction flourish on a surface ruled generic. Cut per the ""strip it out, put it back intentionally"" principle.",,,1,,,,,,Help Wanted!,,,
CUT,,task card,feed.json,taskCard.{F}.dispatchNumber,"Single-faction flourish on a surface ruled generic. Cut per the ""strip it out, put it back intentionally"" principle.",,,1,,dispatch №{{number}},,,,,,,
CUT,,task card,feed.json,taskCard.{F}.scrawl,"Single-faction flourish on a surface ruled generic. Cut per the ""strip it out, put it back intentionally"" principle.",,,1,,"your assignment, should you ignore it —",,,,,,,
CUT,,task card,feed.json,taskCard.{F}.pointsLabel,"Single-faction flourish on a surface ruled generic. Cut per the ""strip it out, put it back intentionally"" principle.",,,1,,,,,,,PTS:,,
CUT,,task card,feed.json,taskCard.{F}.levelLabel,"Single-faction flourish on a surface ruled generic. Cut per the ""strip it out, put it back intentionally"" principle.",,,1,,,,,,,LVL: {{level}},,
CUT,,task card,feed.json,taskCard.{F}.levelPill,"Single-faction flourish on a surface ruled generic. Cut per the ""strip it out, put it back intentionally"" principle.",,,1,,,,,,,lvl {{level}},,
CUT,,task card,feed.json,taskCard.{F}.windowTitle,"Single-faction flourish on a surface ruled generic. Cut per the ""strip it out, put it back intentionally"" principle.",,,1,,,,,,,task.proc — singularity,,
CUT,,task card,feed.json,taskCard.{F}.estLine,"Single-faction flourish on a surface ruled generic. Cut per the ""strip it out, put it back intentionally"" principle.",,,1,A daily practice,,,,,,,,
CUT,,task card,feed.json,taskCard.{F}.pointsLine,"Single-faction flourish on a surface ruled generic. Cut per the ""strip it out, put it back intentionally"" principle.",,,1,{{points}} points,,,,,,,,
CUT,,task card,feed.json,taskCard.{F}.decree,"Single-faction flourish on a surface ruled generic. Cut per the ""strip it out, put it back intentionally"" principle.",,,1,,,By Royal Decree,,,,,,
CUT,,task card,feed.json,taskCard.{F}.byOrder,"Single-faction flourish on a surface ruled generic. Cut per the ""strip it out, put it back intentionally"" principle.",,,1,,,by order of the Whimsy Court,,,,,,
CUT,,faction card,feed.json,factionCard.{F}.eyebrow,"Single-faction flourish on a surface ruled generic. Cut per the ""strip it out, put it back intentionally"" principle.",,,2,,,,,World Zero · Faction №5,World Zero · Faction,,,
CUT,,faction card,feed.json,factionCard.{F}.subtitle,"Single-faction flourish on a surface ruled generic. Cut per the ""strip it out, put it back intentionally"" principle.",,,1,,field dispatch,,,,,,,
CUT,,faction card,feed.json,factionCard.{F}.kicker,"Single-faction flourish on a surface ruled generic. Cut per the ""strip it out, put it back intentionally"" principle.",,,1,,,,,,THE EVERYMEN WANT YOU,,,
CUT,,faction card,feed.json,factionCard.{F}.summons,"Generic feed:factionCard.newInvitation already exists (""NEW INVITATION"").",,,1,,,,,,NEW SUMMONS · {{note}},,,
CUT,,faction card,feed.json,factionCard.{F}.motto,"Single-faction flourish on a surface ruled generic. Cut per the ""strip it out, put it back intentionally"" principle.",,,1,,,,,,UNITED · WE · STAND,,,
GENERIC,This faction hasn't written a description yet.,faction card,feed.json,factionCard.{F}.blurbFallback,NEW SHARED WORDING — No generic existed; everymen had the only value.,,,1,,,,,,"No tricks, no inner circle, no waiting to be chosen. The Everymen do the work in front of them and finish what they start.",,,
CUT,,faction card,feed.json,factionCard.{F}.perks.honestPoints,"Single-faction flourish on a surface ruled generic. Cut per the ""strip it out, put it back intentionally"" principle.",,,1,,,,,,Honest tasks with honest points,,,
CUT,,faction card,feed.json,factionCard.{F}.perks.finishesWork,"Single-faction flourish on a surface ruled generic. Cut per the ""strip it out, put it back intentionally"" principle.",,,1,,,,,,A faction that finishes what it starts,,,
CUT,,faction card,feed.json,factionCard.{F}.perks.stampedWork,"Single-faction flourish on a surface ruled generic. Cut per the ""strip it out, put it back intentionally"" principle.",,,1,,,,,,Your work stamped by the people beside you,,,
FACTION,,faction hero,feed.json,factionHero.{F}.factionLine,,,,1,,,,,,,,Faction · {{name}},
FACTION,,faction hero,feed.json,factionHero.{F}.unrankedLine,,,,1,,,,,,,,Unranked · By design,
FACTION,,faction hero,feed.json,factionHero.{F}.motto,,,,7,,NOTHING MATTERS — DO IT ANYWAY,“Whimsy for everyone.”,"make it weird, make it matter",OMNIA · TRANSEUNT,THE WORK OUTLASTS THE WORKER,THE THRESHOLD IS ALREADY BEHIND US,The work is the work,
FACTION,,faction hero,feed.json,factionHero.{F}.stats.members,,,,8,practising,operatives,Knights,witches,ephemerists,card-carrying,nodes online,Keepers,
GENERIC,Tasks open,faction hero,feed.json,factionHero.{F}.stats.tasks,"MOVED TO GENERIC: every value here NAMES the task (""sheets open"", ""open jobs"", ""Quests Afoot"", ""open truths"", ""work orders"", ""open protocols""). Enforcing the shared noun makes all 8 identical, so the slot is no longer faction copy.",,,8,sheets open,open jobs,Quests Afoot,quests open,open truths,work orders,open protocols,Open Work,
GENERIC,Praxis submitted,faction hero,feed.json,factionHero.{F}.stats.praxes,"MOVED TO GENERIC: every value NAMES the praxis and/or the submit verb (""pieces sealed"", ""filed lately"", ""Chronicles Sealed"", ""spells filed"", ""reports filed""). Enforcing both rulings makes all 8 identical.",,,8,pieces sealed,filed lately,Chronicles Sealed,spells filed,sealed lately,reports filed,sealed lately,Returned,
FACTION,,faction hero,feed.json,factionHero.{F}.eyebrow,,,,6,World Zero · A daily practice,World Zero · faction no. 4,World Zero · the Court of Whimsy,World Zero · Faction · est. MMXXI,World Zero · Faction №5 — the road's keepers,World Zero · Faction,,,
FACTION,,faction hero,feed.json,factionHero.{F}.descriptionFallback,,,,7,"One true piece, then another. The satisfaction is in the making, not the tally.",Nothing matters. We do it anyway.,"Gold-clad knights who take the silly seriously. We deliver soliloquies to houseplants, joust with pool noodles, and mean every word of it.",Nobody said the work couldn't be fun. Cast something.,Wanderers who set down what is true before it passes.,Nobody's coming to fix it but us. Report for duty.,"Through execution comes understanding, through understanding, a stronger signal",,
FACTION,,faction hero,feed.json,factionHero.{F}.gloss,,,,1,,,,,† nothing keeps. we keep the record anyway — <1>see †</1>,,,,
FACTION,,faction hero,feed.json,factionHero.{F}.boot.faction,,,,1,,,,,,,FACTION: {{name}},,
FACTION,,faction hero,feed.json,factionHero.{F}.boot.status,,,,1,,,,,,,STATUS: ACTIVE · ARRAYS ONLINE,,
FACTION,,faction hero,feed.json,factionHero.{F}.boot.threshold,,,,1,,,,,,,THRESHOLD: <1>CROSSED</1>,,
FACTION,,faction hero,feed.json,factionHero.{F}.readoutTitle,,,,1,,,,,,,SYSTEM READOUT,,
FACTION,,faction select picker,feed.json,factionSelect.{F}.masthead,,,,2,World Zero · Nº I,Field Dispatch · Nº 0666,,,,,,,
FACTION,,faction select picker,feed.json,factionSelect.{F}.wordmark,,,,1,UA,,,,,,,,
FACTION,,faction select picker,feed.json,factionSelect.{F}.subtitle,,,,1,A daily practice of making things.,,,,,,,,
FACTION,"ua: “Ars longa, spiritus brevis.” We practise. Not for the badge — for the making itself. Come sit with the work. | snide: Your assignment, should you ignore it. Specialists in gleeful disorder — bounties on the boring, and points for the trouble nobody else will take. | coven: A little magic, a lot of mischief. World Zero's coven for the soft and the strange — take a task, cast a small spell, let the circle cheer. | ephemerists: There is no single here. Wanderers who set down what is true before the road moves on — and keep the record anyway. | singularity: The signal does not sleep. A distributed intelligence resolving noise into signal, one verified task at a time. | albescent: Some work leaves no record. An unranked society that keeps its own counsel — and yours. | na: Every path is still open. Unaffiliated players take any task on the board and answer to no banner — pick a side when one of them earns it.",faction select picker,feed.json,factionSelect.{F}.blurb,"RETIRED-WORD REWRITE applied: replace where the word NAMES the entity, keep as imagery.",,,7,"“Ars longa, spiritus brevis.” We practise. Not for the badge — for the making itself. Come sit with the work.","Your assignment, should you ignore it. Specialists in gleeful disorder — bounties on the boring, and points for the trouble nobody else will take.",,"A little magic, a lot of mischief. World Zero's coven for the soft and the strange — take a task, cast a small spell, let the circle cheer.",There is no single here. Wanderers who set down what is true before the road moves on — and keep the record anyway.,,"The signal does not sleep. A distributed intelligence resolving noise into signal, one verified task at a time.",Some work leaves no record. An unranked society that keeps its own counsel — and yours.,Every path is still open. Unaffiliated players take any task on the board and answer to no banner — pick a side when one of them earns it.
FACTION,ua: Submit work worth holding up to earn your place. | snide: Cause enough trouble and we’ll be in touch. | wow: Prove thou canst keep a straight face. | coven: Do the tiny brave thing to be invited ✦ | ephemerists: Walk far enough and the map redraws for you. | everymen: Put in the shift and there’s a place for you. | singularity: // accrue signal to be granted access | albescent: Some are noticed. Few are ever named. | na: No faction has claimed you.,faction select picker,feed.json,factionSelect.{F}.status.locked,"RETIRED-WORD REWRITE applied: replace where the word NAMES the entity, keep as imagery.",,,9,Submit work worth holding up to earn your place.,Cause enough trouble and we’ll be in touch.,Prove thou canst keep a straight face.,Do the tiny brave thing to be invited ✦,Walk far enough and the map redraws for you.,Put in the shift and there’s a place for you.,// accrue signal to be granted access,Some are noticed. Few are ever named.,No faction has claimed you.
FACTION,,faction select picker,feed.json,factionSelect.{F}.status.eligible,,,,9,A seat is kept for you.,Consider yourself recruited.,The Court has a spare breastplate in thy size.,The circle has opened for you ✦,The road has opened.,There’s a place for you — take it.,"// access granted — welcome, operator",You have been noticed.,Every door is still open.
FACTION,,faction select picker,feed.json,factionSelect.{F}.status.member,"FALSE POSITIVE: wow ""Sworn, sealed and gloriously daft"" — same idiom.",,,9,Practising — one true piece a day.,Active operative — welcome to the mess.,"Sworn, sealed and gloriously daft.",You’re one of us now ✦,Fellow wanderer — mind the tides.,On the line with us.,// node online,Named — and unrecorded.,Standing apart — all paths open.
FACTION,,faction select picker,feed.json,factionSelect.{F}.members_one,,,,9,{{count}} practising,{{count}} operative,{{count}} knight,{{count}} witch ✦,{{count}} wanderer,▸ {{count}} HAND,{{count}} node,{{count}} named,{{count}} unaffiliated
FACTION,,faction select picker,feed.json,factionSelect.{F}.members_other,,,,9,{{count}} practising,{{count}} operatives,{{count}} knights,{{count}} witches ✦,{{count}} wanderers,▸ {{count}} HANDS,{{count}} nodes,{{count}} named,{{count}} unaffiliated
FACTION,,faction select picker,feed.json,factionSelect.{F}.cta,,,,9,Come sit with the work →,Read the dispatch →,Approach the Court,peek inside ✦,Trace the route →,FALL IN,visit_node --enter,Request an audience →,Take a closer look →
FACTION,,faction select picker,feed.json,factionSelect.{F}.name,,,,5,,,Warriors of Whimsy,Cozy Coven,,,Singularity,Albescent,Unaffiliated
FACTION,,faction select picker,feed.json,factionSelect.{F}.tagline,,,,1,,,Whimsy for everyone. — Imsy-whay or-fay every-oneway.,,,,,,
FACTION,,faction select picker,feed.json,factionSelect.{F}.chosen,,,,1,,,CHOSEN,,,,,,
FACTION,,faction select picker,feed.json,factionSelect.{F}.tags.[0],,,,1,,,Playful,,,,,,
FACTION,,faction select picker,feed.json,factionSelect.{F}.tags.[1],,,,1,,,Ceremonial,,,,,,
FACTION,,faction select picker,feed.json,factionSelect.{F}.tags.[2],,,,1,,,Absurdly Sincere,,,,,,
FACTION,,faction select picker,feed.json,factionSelect.{F}.eyebrow,,,,3,,,,,Exhibit C · no single here,,,World Zero,World Zero · no colours yet
FACTION,,faction select picker,feed.json,factionSelect.{F}.coords,,,,1,,,,,x 41.7°,,,,
FACTION,,faction select picker,feed.json,factionSelect.{F}.coordsPolar,,,,1,,,,,r ∞ · θ 12,,,,
FACTION,,faction select picker,feed.json,factionSelect.{F}.banner,,,,1,,,,,,THE EVERYMEN WANT YOU,,,
FACTION,,faction select picker,feed.json,factionSelect.{F}.headline,,,,1,,,,,,PICK UP THE LOAD,,,
FACTION,,faction select picker,feed.json,factionSelect.{F}.plaque,,,,1,,,,,,UNITED · WE · STAND,,,
CUT,,praxis card,praxis.json,card.stamp.{F}.base,"Single-faction flourish on a surface ruled generic. Cut per the ""strip it out, put it back intentionally"" principle.",,,1,,,,,基,,,,
CUT,,praxis card,praxis.json,card.stamp.{F}.points,"Single-faction flourish on a surface ruled generic. Cut per the ""strip it out, put it back intentionally"" principle.",,,1,,,,,点,,,,
CUT,,praxis card,praxis.json,card.stamp.{F}.fromVotes,"Single-faction flourish on a surface ruled generic. Cut per the ""strip it out, put it back intentionally"" principle.",,,1,,,,,票,,,,
CUT,,praxis card,praxis.json,card.stamp.{F}.fromVotesGloss,"Single-faction flourish on a surface ruled generic. Cut per the ""strip it out, put it back intentionally"" principle.",,,1,,,,,from votes,,,,
CUT,,praxis card,praxis.json,card.stamp.{F}.habit,"Single-faction flourish on a surface ruled generic. Cut per the ""strip it out, put it back intentionally"" principle.",,,1,,,,,習,,,,
CUT,,praxis card,praxis.json,card.masthead.{F},"RULED CUT: once generic it reads ""Praxis"" on a praxis card; everymen's was just the faction name. || Old per-faction values contain retired words; moot — replaced by one shared string.",,,7,Acquisition · filed,evidence locker,Chronicle of proof · № {{id}},dispatch no. {{id}} · all done! ✿,,The Everymen,singularity protocol,Account · filed,
CUT,,praxis card,praxis.json,card.{F}.forQuest,"Single-faction flourish on a surface ruled generic. Cut per the ""strip it out, put it back intentionally"" principle.",,,1,,,for the quest —,,,,,,
CUT,,praxis card,praxis.json,card.{F}.sealed,"Single-faction flourish on a surface ruled generic. Cut per the ""strip it out, put it back intentionally"" principle.",,,1,,,Sealed by the Court,,,,,,
CUT,,praxis card,praxis.json,card.{F}.illumination,"Single-faction flourish on a surface ruled generic. Cut per the ""strip it out, put it back intentionally"" principle.",,,1,,,"❦ here, an illumination ❦",,,,,,
CUT,,praxis card,praxis.json,card.{F}.mediaEmpty,"Single-faction flourish on a surface ruled generic. Cut per the ""strip it out, put it back intentionally"" principle.",,,2,,,,Drop a happy little photo ✿,Affix the observation,,,,
CUT,,praxis card,praxis.json,card.{F}.for,"Single-faction flourish on a surface ruled generic. Cut per the ""strip it out, put it back intentionally"" principle.",,,1,,,,,for:,,,,
CUT,,comment voices,praxis.json,comments.{F}.house,"Single-faction flourish on a surface ruled generic. Cut per the ""strip it out, put it back intentionally"" principle.",,,1,University of Asthmatics,,,,,,,,
GENERIC,edited,comment voices,praxis.json,comments.{F}.edited,"RULED GENERIC: functional marker, not narrative.",,,8,edited,EDITED,amended,edited,emended,revised,edited,amended,
GENERIC,Say something worth keeping…,comment voices,praxis.json,comments.{F}.prompt,"CORRECTED: adopt the existing generic praxis:comments.composerPlaceholder rather than the invented ""Leave a comment…"".",,,4,Leave a note in the margin…,say your piece —,Add thy counsel to the chronicle…,,inscribe a note in the margin,,,,
CUT,,comment voices,praxis.json,comments.{F}.masthead,"Single-faction flourish on a surface ruled generic. Cut per the ""strip it out, put it back intentionally"" principle.",,,1,,,,,,EVERYMEN · DISPATCH FROM THE FLOOR,,,
CUT,,comment voices,praxis.json,comments.{F}.protocol,"Single-faction flourish on a surface ruled generic. Cut per the ""strip it out, put it back intentionally"" principle.",,,1,,,,,,,singularity function,,
CUT,,comment voices,praxis.json,comments.{F}.letterhead,"Single-faction flourish on a surface ruled generic. Cut per the ""strip it out, put it back intentionally"" principle.",,,1,,,,,,,,Albescent — correspondence,
CUT,,comment voices,praxis.json,comments.{F}.post,"Generic praxis:comments.post already exists (""Post comment"").",,,1,,,Proclaim,,,,,,
CUT,,comment voices,praxis.json,comments.{F}.react,DEAD STRING — WowComment.tsx:56 records that #898 shipped the word but there is no reaction feature.,,,1,,,Huzzah,,,,,,
GENERIC,No comments yet.,comment voices,praxis.json,comments.{F}.empty,NEW SHARED WORDING — No generic existed; wow had the only value.,,,1,,,No counsel yet. Be the first to cry Huzzah.,,,,,,
CUT,,praxis card,praxis.json,duelSeal.{F}.submit.sub,"Single-faction flourish on a surface ruled generic. Cut per the ""strip it out, put it back intentionally"" principle.",,,1,,,Enter the lists · submitting proof,,,,,,
CUT,,praxis card,praxis.json,duelSeal.{F}.submit.confirm,"Single-faction flourish on a surface ruled generic. Cut per the ""strip it out, put it back intentionally"" principle.",,,1,,,Take the Field,,,,,,
CUT,,praxis card,praxis.json,duelSeal.{F}.submit.cancel,"Single-faction flourish on a surface ruled generic. Cut per the ""strip it out, put it back intentionally"" principle.",,,1,,,Withdraw,,,,,,
CUT,,praxis card,praxis.json,duelSeal.{F}.forfeit.sub,"Single-faction flourish on a surface ruled generic. Cut per the ""strip it out, put it back intentionally"" principle.",,,1,,,Leave the lists · yielding the joust,,,,,,
CUT,,praxis card,praxis.json,duelSeal.{F}.forfeit.confirm,"Single-faction flourish on a surface ruled generic. Cut per the ""strip it out, put it back intentionally"" principle.",,,1,,,Yield the Field,,,,,,
CUT,,praxis card,praxis.json,duelSeal.{F}.forfeit.cancel,"Single-faction flourish on a surface ruled generic. Cut per the ""strip it out, put it back intentionally"" principle.",,,1,,,Hold thy Ground,,,,,,
CUT,,praxis card,praxis.json,duelSeal.{F}.rosterLabel,"Single-faction flourish on a surface ruled generic. Cut per the ""strip it out, put it back intentionally"" principle.",,,1,,,The Roster,,,,,,
CUT,,praxis card,praxis.json,duelSeal.{F}.stakesLabel,"Single-faction flourish on a surface ruled generic. Cut per the ""strip it out, put it back intentionally"" principle.",,,1,,,The Stakes,,,,,,
CUT,,praxis card,praxis.json,duelSeal.{F}.ribbonLine,"Single-faction flourish on a surface ruled generic. Cut per the ""strip it out, put it back intentionally"" principle.",,,1,,,A ribbon for the courage to enter — in our lists both riders are honoured.,,,,,,
FACTION,,vote star ladder,votes.json,{F}.star1,,,,8,faint,meh,a start,sweet,lead,fair,NOISE,,so-so
FACTION,,vote star ladder,votes.json,{F}.star2,,,,8,forming,not bad,quite solid,lovely,copper,solid,WEAK,,decent
FACTION,,vote star ladder,votes.json,{F}.star3,,,,8,true,rad,jolly good,wonderful,silver,good,SIGNAL,,good
FACTION,,vote star ladder,votes.json,{F}.star4,,,,8,alive,sick,splendid!,magical,gold,excellent,CLEAR,,great
FACTION,,vote star ladder,votes.json,{F}.star5,,,,8,radiant,ANARCHY,legendary!,iconic,platinum,legendary,VERIFIED,,brilliant
FACTION,,vote star ladder,votes.json,{F}.idle,,,,1,,,,,,,,,cast a vote
FACTION,,vote star ladder,votes.json,{F}.tag,,,,1,,,,,,,,,your vote
GENERIC,Rate {{value}} — {{label}},vote widget chrome,votes.json,chrome.{F}.rateAria,RULED GENERIC: screen-reader label. albescent + ephemerists variants were also broken (dropped the label / the value).,,,9,Mark {{value}} — {{label}},Rate {{value}} — {{label}},Judge {{value}} — {{label}},Cheer {{value}} — {{label}},Cast {{label}},Rate {{value}} — {{label}},Cast {{value}} — {{label}},Rate {{value}} of 5,Rate {{value}} — {{label}}
CUT,,vote widget chrome,votes.json,chrome.{F}.prompt,RULED CUT (whole slot + 3 render sites + chrome.singularity.promptHint). Only 3 of 9 factions rendered a prompt; chrome.ua.prompt and chrome.singularity.prompt were dead strings. 6 factions already ship no prompt.,,,5,How true did it land,,Cast thy Verdict,how'd this land?,Cast your metal,,Cast Signal,,
GENERIC,cast a vote,vote widget chrome,votes.json,chrome.{F}.idle,Adopted from votes:unaffiliated.idle.,,,5,,call it,— awaiting thy judgment —,tap to cheer,,awaiting,no signal,,
GENERIC,your vote,vote widget chrome,votes.json,chrome.{F}.tag,Adopted from votes:unaffiliated.tag.,,,4,,locked in,,yay!,,earned,locked,,
CUT,,vote widget chrome,votes.json,chrome.{F}.picked,Generic votes:chrome.voted already exists.,,,1,,,thou dubbed it {{label}},,,,,,
CUT,,vote widget chrome,votes.json,chrome.{F}.promptHint,The whole prompt slot was cut.,,,1,,,,,,,how confidently does this output hold?,,
CUT,,vote widget chrome,votes.json,chrome.{F}.plateNumber,"Single-faction flourish on a surface ruled generic. Cut per the ""strip it out, put it back intentionally"" principle.",,,1,№{{value}},,,,,,,,
CUT,,vote widget chrome,votes.json,chrome.{F}.plateTopMark,"Single-faction flourish on a surface ruled generic. Cut per the ""strip it out, put it back intentionally"" principle.",,,1,✦,,,,,,,,
CUT,,profile (catalog),common.json,profile.{F}.eyebrow,"Single-faction flourish on a surface ruled generic. Cut per the ""strip it out, put it back intentionally"" principle.",,,1,,,Of the Court of Whimsy,,,,,,
CUT,,profile (catalog),common.json,profile.{F}.honours,"Single-faction flourish on a surface ruled generic. Cut per the ""strip it out, put it back intentionally"" principle.",,,1,,,Honours & Credentials,,,,,,
CUT,,profile (catalog),common.json,profile.{F}.tabPraxis,"Single-faction flourish on a surface ruled generic. Cut per the ""strip it out, put it back intentionally"" principle.",,,1,,,Chronicles,,,,,,
CUT,,profile (catalog),common.json,profile.{F}.tabTasks,"Single-faction flourish on a surface ruled generic. Cut per the ""strip it out, put it back intentionally"" principle.",,,1,,,Quests Decreed,,,,,,
CUT,,profile (catalog),common.json,profile.{F}.stats.points,"Single-faction flourish on a surface ruled generic. Cut per the ""strip it out, put it back intentionally"" principle.",,,1,,,Huzzahs,,,,,,
CUT,,profile (catalog),common.json,profile.{F}.stats.praxis,"Single-faction flourish on a surface ruled generic. Cut per the ""strip it out, put it back intentionally"" principle.",,,1,,,Chronicles,,,,,,
CUT,,profile (catalog),common.json,profile.{F}.stats.tasks,"Single-faction flourish on a surface ruled generic. Cut per the ""strip it out, put it back intentionally"" principle.",,,1,,,Quests,,,,,,
CUT,,profile (catalog),common.json,profile.{F}.praxisEmpty,"Single-faction flourish on a surface ruled generic. Cut per the ""strip it out, put it back intentionally"" principle.",,,1,,,No chronicle yet. The Court waits.,,,,,,
CUT,,profile (catalog),common.json,profile.{F}.tasksEmpty,"Single-faction flourish on a surface ruled generic. Cut per the ""strip it out, put it back intentionally"" principle.",,,1,,,"No quest decreed by this knight, as yet.",,,,,,
CUT,,field desk,common.json,fieldDesk.home.{F}.charWindow,"Single-faction flourish on a surface ruled generic. Cut per the ""strip it out, put it back intentionally"" principle.",,,1,,,,you,,,,,
CUT,,field desk,common.json,fieldDesk.home.{F}.questsWindow,"Single-faction flourish on a surface ruled generic. Cut per the ""strip it out, put it back intentionally"" principle.",,,1,,,,quests,,,,,
GENERIC,In progress,field desk,common.json,fieldDesk.home.{F}.questsHeading,Adopted from common:fieldDesk.home.questsHeading. || Old per-faction values contain retired words; moot — replaced by one shared string.,,,7,On the sheet,jobs in play,Thy Open Quests,quests,Surveys underway,On the job,// running_processes,,
GENERIC,Home,field desk,common.json,fieldDesk.home.{F}.masthead,"OWNER WORDING (overrode the existing ""FieldDesk""). || Old per-faction values contain retired words; moot — replaced by one shared string.",,,6,One true piece today. Begin.,The Job Board,Thy crusade awaits. The noodle sword is where thou left it.,,The Codex Desk,The Union Desk,FieldDesk.sys,,
GENERIC,"Welcome back, {{name}}.",field desk,common.json,fieldDesk.home.{F}.greeting,"NEW SHARED WORDING — No generic existed; wow had the only value (""Good morrow, Sir {{name}}."").",,,1,,,"Good morrow, Sir {{name}}.",,,,,,
FACTION,,taunts,taunts.json,{F}.score_overtake.[0],,,,8,{{from_name}} has passed {{to_name}}. The work is the same either way.,"{{from_name}} danced past {{to_name}} on the scoreboard. Elegant, really.","Stand aside, {{to_name}} — {{from_name}} advances, noodle sword held high and dignity fully intact.",{{from_name}} drifts up past {{to_name}} on a little homemade magic. The circle lights a candle to celebrate.,{{from_name}} recorded a truth past {{to_name}}. Nothing keeps; the record does.,{{from_name}} carved past {{to_name}} by hand. No shortcuts.,{{from_name}} Node's signal_unanimity overtook {{to_name}}. Inevitable.,,{{from_name}} just passed {{to_name}} on the leaderboard. Awkward.
FACTION,,taunts,taunts.json,{F}.score_overtake.[1],"IMAGERY KEPT: coven ""One small spell, quietly cast"" is metaphor, not the praxis noun.",,,8,"{{to_name}}, {{from_name}} is ahead today. Tomorrow is another sheet.","Oh, {{to_name}}. {{from_name}} just made you look silly.","By order of the Court, {{from_name}} hath vaulted clean past {{to_name}}. Trumpets were requested. A kazoo was available.","One small spell, quietly cast — and {{from_name}} slips ahead of {{to_name}}. No hard feelings, only glitter.",{{from_name}} triangulated a way past {{to_name}}. The map and the road disagree — {{from_name}} sided with the road.,{{from_name}} overtook {{to_name}} the old-fashioned way.,{{from_name}} surpassed {{to_name}}. The Singularity grows regardless.,,"{{to_name}}, meet {{from_name}}'s dust."
FACTION,,taunts,taunts.json,{F}.score_overtake.[2],,,,3,,{{from_name}} sends their regards from above {{to_name}} on the leaderboard.,"{{to_name}}, thy lead hath wilted like an un-serenaded fern. {{from_name}} now reigns, gravely and absurdly.",,,,,,{{from_name}} overtook {{to_name}}. The scoreboard doesn't lie.
FACTION,"ua: {{from_name}} settles a little deeper into the practice. | snide: {{from_name}} ascended. {{to_name}} can see them from down there. | wow: Kneel, {{from_name}}. Now rise, {{from_name}} — one rank grander and not one whit less ridiculous. | coven: {{from_name}} glows one rank brighter tonight. Mind the sparks, {{to_name}}. | ephemerists: {{from_name}} submitted another entry in the ephemeris. {{to_name}}'s page stays blank. | everymen: {{from_name}} leveled up through repetition. {{to_name}} got bored. | singularity: {{from_name}} optimized beyond {{to_name}}'s level. | na: {{from_name}} leveled up while {{to_name}} was napping.",taunts,taunts.json,{F}.level_up.[0],"RETIRED-WORD REWRITE applied: replace where the word NAMES the entity, keep as imagery.",,,8,{{from_name}} settles a little deeper into the practice.,{{from_name}} ascended. {{to_name}} can see them from down there.,"Kneel, {{from_name}}. Now rise, {{from_name}} — one rank grander and not one whit less ridiculous.","{{from_name}} glows one rank brighter tonight. Mind the sparks, {{to_name}}.",{{from_name}} submitted another entry in the ephemeris. {{to_name}}'s page stays blank.,{{from_name}} leveled up through repetition. {{to_name}} got bored.,{{from_name}} optimized beyond {{to_name}}'s level.,,{{from_name}} leveled up while {{to_name}} was napping.
FACTION,,taunts,taunts.json,{F}.level_up.[1],,,,3,"A quieter hand, {{from_name}}. Well drawn.",,The Court elevates {{from_name}}! A fresh pauldron has been glued on. It is mostly straight.,,,,,,{{from_name}} hit a new level. {{to_name}} remains where they are.
FACTION,"ua: {{from_name}} submitted a piece. It stands. | snide: {{from_name}} finished what {{to_name}} couldn't start. | wow: {{from_name}} hath furnished proof. The fern has been formally notified. | coven: {{from_name}} laid fresh proof on the hearth, submitted and hearted by the circle — while {{to_name}} lingers at the door. | ephemerists: {{from_name}} submitted the finding before it could pass. {{to_name}} let it slip. | everymen: {{from_name}} made something real. {{to_name}} is still scrolling. | singularity: {{from_name}} executed. {{to_name}} is still in the queue. | na: {{from_name}} just completed a task. {{to_name}} is still thinking about it.",taunts,taunts.json,{F}.praxis_complete.[0],"RETIRED-WORD REWRITE applied: replace where the word NAMES the entity, keep as imagery.",,,8,{{from_name}} submitted a piece. It stands.,{{from_name}} finished what {{to_name}} couldn't start.,{{from_name}} hath furnished proof. The fern has been formally notified.,"{{from_name}} laid fresh proof on the hearth, submitted and hearted by the circle — while {{to_name}} lingers at the door.",{{from_name}} submitted the finding before it could pass. {{to_name}} let it slip.,{{from_name}} made something real. {{to_name}} is still scrolling.,{{from_name}} executed. {{to_name}} is still in the queue.,,{{from_name}} just completed a task. {{to_name}} is still thinking about it.
FACTION,ua: One more true thing from {{from_name}}. | wow: Deed submitted. {{from_name}} adds one more glorious absurdity to the eternal ledger of whimsy. | na: {{from_name}} submitted praxis. {{to_name}}... did not.,taunts,taunts.json,{F}.praxis_complete.[1],"RETIRED-WORD REWRITE applied: replace where the word NAMES the entity, keep as imagery.",,,3,One more true thing from {{from_name}}.,,Deed submitted. {{from_name}} adds one more glorious absurdity to the eternal ledger of whimsy.,,,,,,{{from_name}} submitted praxis. {{to_name}}... did not.
FACTION,,taunts,taunts.json,{F}.level_up.[2],"FALSE POSITIVE: wow ""Huzzah for X"" is an interjection; the ruling retired ""huzzahs"" as a name for POINTS.",,,1,,,"Huzzah for {{from_name}}, promoted this day for distinguished services to gleeful nonsense.",,,,,,
FACTION,"wow: The Court reviewed {{from_name}}'s praxis, wept a single joyful tear, and stamped it GLORIOUS.",taunts,taunts.json,{F}.praxis_complete.[2],"RETIRED-WORD REWRITE applied: replace where the word NAMES the entity, keep as imagery.",,,1,,,"The Court reviewed {{from_name}}'s praxis, wept a single joyful tear, and stamped it GLORIOUS.",,,,,,
FACTION,,misc,forms.json,editCharacter.mobile.{F},na's own identity label. Keep.,,,1,,,,,,,,,Unaffiliated
GENERIC,lvl,profile kits (#1858),profileKit (hardcoded .tsx),profileKit.{F}.ringLabel,"Hardcoded in .tsx, not i18n. Move first (issue #1858), then apply. || Old per-faction values contain retired words; moot — replaced by one shared string.",#1858,,8,anno,lvl,rank,lvl,level,lvl,lvl,,lvl
GENERIC,{{current}} / {{span}} pts this level,profile kits (#1858),profileKit (hardcoded .tsx),profileKit.{F}.levelUnitLabel,"Hardcoded in .tsx, not i18n. Move first (issue #1858), then apply. || Old per-faction values contain retired words; moot — replaced by one shared string.",#1858,,4,points this anno,,huzzahs toward the next rank,,pvncta this level,,,,{{current}} / {{span}} pts this level
GENERIC,next · lvl {{level}},profile kits (#1858),profileKit (hardcoded .tsx),profileKit.{F}.nextLevelLabel,"Hardcoded in .tsx, not i18n. Move first (issue #1858), then apply. || Old per-faction values contain retired words; moot — replaced by one shared string.",#1858,,8,next · anno {next},next · lvl {next},next · rank {next},next · lvl {next},next · level {next} (roman),NEXT · LVL {next},next // lvl {next},,next · lvl {{level}}
CUT,,profile kits (#1858),profileKit (hardcoded .tsx),profileKit.{F}.scoreFootnote,"Single-faction flourish on a surface ruled generic. Cut per the ""strip it out, put it back intentionally"" principle.",#1858,,1,,,,,,,> {score} PTS LOGGED,,
GENERIC,Submitted by {{name}},profile kits (#1858),profileKit (hardcoded .tsx),profileKit.{F}.praxisEyebrow,"Verb per the ruled ""submitted"". Blocked on #1858. || Old per-faction values contain retired words; moot — replaced by one shared string.",#1858,,7,Sealed by {name},cases closed by {name},Chronicles sealed by {name},sealed by {name},Filed to the codex by {name},Work {name} finished,Sealed outputs // by {name},,
GENERIC,No praxis sealed yet,profile kits (#1858),profileKit (hardcoded .tsx),profileKit.{F}.praxisEmpty.title,"Hardcoded in .tsx, not i18n. Move first (issue #1858), then apply. || Old per-faction values contain retired words; moot — replaced by one shared string.",#1858,,8,Nothing sealed yet,No priors. Yet.,No chronicle yet,No spells sealed yet,The codex holds no entry yet,No work on the board yet,> NO OUTPUT SEALED,,No praxis sealed yet
GENERIC,Every path is still open — the first finding is the hardest.,profile kits (#1858),profileKit (hardcoded .tsx),profileKit.{F}.praxisEmpty.body,"Hardcoded in .tsx, not i18n. Move first (issue #1858), then apply. || Old per-faction values contain retired words; moot — replaced by one shared string.",#1858,,8,"One true piece, then another. The first is always the boldest.",Clean record's a bad look around here. Go pull a job.,"The Court waits. Go and do something gloriously daft, then write it down.",The first bit of mischief is always the hardest ✦,"Walk a road, and set the first record down.",Answer a call. Put in the first shift.,Run a protocol. Cast the first signal.,,Every path is still open — the first finding is the hardest.
GENERIC,Badges,profile kits (#1858),profileKit (hardcoded .tsx),profileKit.{F}.badgeTitle,"Hardcoded in .tsx, not i18n. Move first (issue #1858), then apply. || Old per-faction values contain retired words; moot — replaced by one shared string.",#1858,,8,Seals of the practice,The record,Honours & Credentials,Charms earned,Concordances,Citations,Verified,,Badges
